"id","likertvalue","date","postsids","queryid"
56,1,2019-08-14 13:41:46,"15181881 19989077 21913528 21909047 5547460 ",766
57,1,2019-08-14 13:42:02,"16487593 7028111 3802636 20339510 ",768
58,5,2019-08-14 13:49:03,"24134518 20065200 17967206 38323180 17627369 ",788
59,1,2019-08-14 13:52:49,"9477478 966531 9477450 7816211 1051316 ",799
60,1,2019-08-14 13:56:12,"46436702 11973886 12030377 14256038 11974670 ",811
61,1,2019-08-14 13:57:58,"33284140 8033208 8079627 4438501 7822055 ",815
62,1,2019-08-14 14:02:46,"1624170 9265968 6787641 2227347 2171435 ",838
63,4,2019-08-14 14:05:34,"44522093 11875807 14620088 30094519 7792212 10787920 42104383 14393728 36023083 27735597 ",850
64,1,2019-08-14 14:08:31,"10727299 30401985 30402035 13395126 7210399 ",866
21,1,2019-08-14 11:31:41,"2587036 12693980 2586582 13687403 ",480
22,4,2019-08-14 11:53:39,"26604907 36771425 24567870 26606270 15930626 ",519
23,5,2019-08-14 11:54:33,"11310805 12024698 35728116 4360001 22836004 ",520
24,1,2019-08-14 11:54:46,"1020151 15594627 4729873 15496902 43499739 ",524
25,1,2019-08-14 11:58:54,"17932985 49031476 17938583 5573633 7526281 ",536
26,1,2019-08-14 11:59:46,"30857608 43950969 32003133 3594114 17335822 ",538
27,1,2019-08-14 12:11:24,"12286465 28477369 11850375 38174535 12250567 ",577
28,5,2019-08-14 12:18:38,"5269527 22718139 38222640 8250801 40779960 ",590
29,1,2019-08-14 12:19:09,"29205006 34328929 7214149 28456083 30333098 8492685 21934395 35743247 42093257 17883376 ",593
30,1,2019-08-14 12:19:17,"12785795 1832287 44148835 9162311 24034752 ",594
31,1,2019-08-14 12:27:14,"6386375 1052365 18871777 13800463 31280895 ",600
32,1,2019-08-14 12:27:15,"6386375 1052365 18871777 13800463 31280895 ",600
33,1,2019-08-14 12:27:38,"36239334 10714355 40373888 ",604
34,1,2019-08-14 12:29:21,"20769218 31603787 25236793 35331121 15982568 ",607
35,1,2019-08-14 12:36:09,"49171551 3198127 10714286 14500851 10714351 ",627
36,5,2019-08-14 12:40:09,"38800084 18073639 45068373 18084742 14988032 ",637
37,1,2019-08-14 12:42:10,"8022637 31232111 33869356 2349728 23072262 ",642
38,1,2019-08-14 12:42:29,"8022637 31232111 33869356 2349728 23072262 ",643
39,4,2019-08-14 12:43:00,"11727522 3663949 10714351 25731624 11727508 ",646
40,4,2019-08-14 12:45:15,"10947624 20911329 26896042 6591712 14339076 ",652
41,1,2019-08-14 12:46:09,"32773699 34557383 2135396 35474931 29043316 ",657
42,1,2019-08-14 12:46:24,"32773699 34557383 2135396 35474931 29043316 ",659
43,1,2019-08-14 12:49:22,"27178066 13373914 13373932 901953 9527399 ",662
44,4,2019-08-14 12:57:33,"7844900 21174488 8792602 19440418 11977854 ",689
45,2,2019-08-14 12:58:16,"6994437 21691046 2832308 19468649 2062526 ",694
46,1,2019-08-14 12:58:52,"4383261 14645254 4383240 16002261 19026574 ",700
47,2,2019-08-14 13:04:05,"48316448 29545926 14473055 34830588 29545725 ",708
48,1,2019-08-14 13:04:05,"48316448 29545926 14473055 34830588 29545725 ",708
49,1,2019-08-14 13:08:24,"1900926 1900953 8652834 ",716
50,2,2019-08-14 13:09:09,"13552837 15296555 20546640 4941623 15296542 4692420 2489569 30087705 18890043 13552892 ",720
51,2,2019-08-14 13:31:47,"34344750 15038205 18360778 12400600 43485057 ",722
52,1,2019-08-14 13:32:06,"21720161 32615651 30445775 40148761 21720111 ",749
65,4,2019-08-14 14:09:45,"13141726 40299012 19792670 8607187 33156265 ",869
66,1,2019-08-14 14:16:20,"37209758 28467085 9836229 33052556 12470562 ",896
67,1,2019-08-14 14:17:40,"271829 9475089 17640362 14042816 7364782 2907355 28833333 50238451 13116355 501793 ",899
68,1,2019-08-14 14:17:45,"271829 9475089 7364782 28833333 8765264 20435303 2357619 501793 13116355 8024121 ",901
69,1,2019-08-14 14:20:06,"11727522 3663949 10714351 25731624 11727508 ",908
70,1,2019-08-14 14:20:19,"39183473 16660792 30314756 23295579 26549278 ",911
71,5,2019-08-14 14:23:41,"17051150 31392098 8716820 16599275 18170408 ",927
72,1,2019-08-14 14:25:03,"17228171 39959829 17226854 17342611 14584013 ",940
73,1,2019-08-14 14:25:28,"43716265 12697926 33741982 36079326 36225867 ",943
74,2,2019-08-14 14:25:53,"1020151 33199781 8452709 35924899 10714351 ",947
75,3,2019-08-14 14:26:29,"22241651 18846839 3256676 4088930 32346644 ",939
76,1,2019-08-14 14:30:21,"20076498 27906868 48635819 26777594 49483672 ",971
77,5,2019-08-14 14:31:37,"14256403 12949821 14256134 14256767 12950161 ",984
78,1,2019-08-14 14:32:09,"20076498 27906868 48635819 26777594 49483672 ",989
79,1,2019-08-14 14:32:29,"35523008 16846259 38297135 30497707 31741808 ",990
80,1,2019-08-14 14:32:51,"35523008 38297135 17785130 38419180 12918567 ",995
81,1,2019-08-14 14:32:59,"20076498 27906868 48635819 26777594 49483672 ",998
82,4,2019-08-14 14:33:09,"11727522 3663949 10714351 25731624 11727508 ",992
53,1,2019-08-14 13:36:15,"42258613 ",754
54,3,2019-08-14 13:36:56,"20769218 31603787 25236793 35331121 15982568 ",756
55,1,2019-08-14 13:39:16,"48984803 41618037 27038680 41737270 47050337 ",745
83,4,2019-08-14 14:33:15,"7646499 40700694 46227128 5585800 16771386 ",994
84,5,2019-08-14 14:34:08,"20076498 27906868 48635819 26777594 49483672 ",1007
85,3,2019-08-14 14:34:51,"20076498 27906868 48635819 26777594 49483672 ",1010
86,5,2019-08-14 14:35:10,"20076498 27906868 48635819 26777594 49483672 ",1013
87,4,2019-08-14 14:36:26,"20076498 27906868 48635819 26777594 49483672 ",1021
88,1,2019-08-14 14:36:54,"21691046 ",1024
89,5,2019-08-14 14:37:20,"28549580 28549544 29137349 11863676 7190784 ",1025
90,5,2019-08-14 14:38:42,"6202380 7486055 39955045 8628557 31242987 28177132 ",1029
91,5,2019-08-14 14:38:43,"6202380 7486055 39955045 8628557 31242987 28177132 ",1029
92,5,2019-08-14 14:39:32,"11727522 3663949 10714351 25731624 11727508 ",1036
93,4,2019-08-14 14:40:54,"30774965 13680761 6774644 44713656 49209332 ",1042
94,5,2019-08-14 14:42:42,"34394740 20714277 14364233 1246872 36188005 ",1039
95,5,2019-08-14 14:44:09,"15865366 4644183 45915002 6074913 29453645 ",1063
96,1,2019-08-14 14:44:20,"1020151 17845002 32260275 3716614 39333243 ",1067
97,5,2019-08-14 14:49:07,"11610833 28386351 18898970 46060864 9359733 ",1077
98,5,2019-08-14 14:50:36,"18280416 33273482 18280432 31950580 18280423 ",1090
99,3,2019-08-14 15:00:11,"6733159 19166727 7819457 28873000 42280995 ",1130
100,2,2019-08-14 15:00:37,"31946816 49459981 40161515 34263646 37678929 ",1133
101,5,2019-08-14 15:03:13,"44378379 23945015 40306146 31394772 32529244 ",1132
102,1,2019-08-14 15:11:00,"15430001 12273692 6014326 45857544 14910382 ",1164
103,5,2019-08-14 15:20:29,"11727522 ",1146
104,4,2019-08-14 15:24:22,"36238669 3071794 3071791 3071867 4723808 ",1193
105,5,2019-08-14 15:24:42,"17214019 4354879 3036801 14681024 14112345 ",1201
106,1,2019-08-14 15:25:52,"45491836 43009151 43539433 19435649 42535818 ",1213
107,2,2019-08-14 15:30:40,"4792359 12237227 12237252 20186651 47702461 ",1232
108,3,2019-08-14 15:32:04,"23137060 35079839 34875638 23760831 13958794 ",1238
109,1,2019-08-14 15:32:12,"28938351 43414903 21758300 20032421 48047974 ",1245
110,5,2019-08-14 15:32:56,"22930678 22930648 22930670 12797401 4391811 ",1247
111,5,2019-08-14 15:36:58,"11727522 3663949 10714351 25731624 11727508 ",1260
112,5,2019-08-14 15:40:22,"28305591 14774529 47224972 39344883 30951101 ",1282
113,5,2019-08-14 15:48:25,"26467775 26454417 36152757 10205093 30120396 ",1317
114,5,2019-08-14 15:55:25,"37739328 29233256 8253712 16768226 10668093 ",1349
115,1,2019-08-14 15:57:07,"36994101 ",1360
116,1,2019-08-14 15:57:16,"26975622 ",1361
117,1,2019-08-14 15:59:31,"9820032 20404921 9820047 9820044 37927706 ",1369
118,4,2019-08-14 16:05:17,"35611452 40934397 50047516 44883549 46791646 ",1392
119,5,2019-08-14 16:09:01,"29306300 491319 10347005 22686364 29306174 ",1384
120,5,2019-08-14 16:10:38,"11727522 3663949 10714351 25731624 11727508 ",1416
121,1,2019-08-14 16:10:54,"7768229 38539053 7799872 11588369 4264365 ",1417
122,1,2019-08-14 16:21:09,"31411878 31412151 44564830 13648843 29349463 ",1464
123,5,2019-08-14 16:27:12,"25250354 40649677 32485669 31651477 31312335 ",1494
124,1,2019-08-14 16:29:08,"48316448 12101469 34830588 40351493 31498253 ",1502
125,1,2019-08-14 16:29:49,"30058989 1721460 38602758 41222525 19433318 ",1508
126,3,2019-08-14 16:29:54,"45708204 23213468 43145259 3471475 25312349 ",1506
127,4,2019-08-14 16:30:08,"46645099 45281427 14357408 7386235 34578014 ",1509
128,1,2019-08-14 16:31:43,"1801634 40373888 40373917 23927467 2455985 ",1515
129,2,2019-08-14 16:40:35,"25283174 15476785 15476737 36286748 10803009 ",1543
130,2,2019-08-14 16:42:33,"7949940 38820968 7949936 28374543 4477188 ",1546
131,3,2019-08-14 16:43:16,"16686636 9366350 16686803 30275171 5568283 ",1550
132,3,2019-08-14 16:43:29,"13786317 13786306 2827616 29830443 12604502 ",1554
133,1,2019-08-14 16:45:57,"10161155 23180686 8915921 6381550 12913121 ",1563
134,1,2019-08-14 16:46:39,"22218261 9738078 27960721 11274956 27885713 ",1564
135,5,2019-08-14 16:52:52,"22463828 4903953 20140215 19338066 30780195 ",1574
136,1,2019-08-14 16:57:17,"10386997 38743706 6091125 12043280 37605759 ",1590
137,1,2019-08-14 17:02:07,"720219 1020151 37312866 39487808 37819137 ",1600
138,1,2019-08-14 17:06:15,"8675747 37710588 32773498 261084 11001798 ",1613
139,5,2019-08-14 17:09:34,"13173342 6777999 28362838 44576355 20302567 ",1620
140,1,2019-08-14 17:13:12,"13730377 448333 6096945 12803586 448526 ",1632
141,1,2019-08-14 17:21:46,"45828580 45874922 35868532 45874836 26032099 ",1651
142,1,2019-08-14 17:22:21,"7506963 49762498 34452445 41855536 7917138 ",1654
143,1,2019-08-14 17:22:56,"37350643 16071312 33911580 37323805 17735911 ",1656
144,1,2019-08-14 17:31:15,"38211941 39290066 40111857 11496231 29843180 ",1689
145,5,2019-08-14 17:37:03,"46227128 19103110 19103118 40700694 39011912 ",1701
146,5,2019-08-14 17:37:03,"46227128 19103110 19103118 40700694 39011912 ",1701
147,4,2019-08-14 17:37:03,"46227128 19103110 19103118 40700694 39011912 ",1701
148,5,2019-08-14 17:37:03,"46227128 19103110 19103118 40700694 39011912 ",1701
149,5,2019-08-14 17:40:33,"43070981 28887168 35525878 ",1712
150,1,2019-08-14 17:41:17,"47148093 11856600 29840705 3661781 9080021 ",1713
151,2,2019-08-14 17:43:00,"26096762 47287796 7348307 12449796 19382616 ",1716
152,3,2019-08-14 17:45:02,"8886263 8886261 42546812 4674925 20363152 ",1722
153,5,2019-08-14 17:50:50,"2087703 18706622 20362065 26502023 1859590 ",1736
154,5,2019-08-14 17:50:50,"2087703 18706622 20362065 26502023 1859590 ",1736
155,5,2019-08-14 17:50:56,"29439599 2431737 7307017 6702963 19305043 ",1737
156,1,2019-08-14 17:53:08,"22356830 29393620 2977012 17511086 1583943 ",1745
157,2,2019-08-14 17:53:18,"34846625 28722247 27710713 26190540 6661441 ",1744
158,4,2019-08-14 17:56:35,"24335740 47254051 42439371 46095268 24335781 ",1760
159,5,2019-08-14 17:59:51,"14169760 25028936 20227939 12961553 14089521 ",1772
160,3,2019-08-14 18:01:15,"40583655 47535069 7696289 31962640 10558573 ",1778
161,5,2019-08-14 18:16:13,"46397686 8626969 17367438 39489090 4483454 ",1819
162,1,2019-08-14 18:21:05,"25922923 6464341 33531653 37600229 41699315 ",1831
163,5,2019-08-14 18:26:22,"41951564 23398098 41951628 2620693 13156221 ",1851
164,2,2019-08-14 18:26:58,"14988032 32240584 32240223 28246317 16952968 ",1853
165,5,2019-08-14 18:30:56,"1164847 1166065 11507833 1164841 1164837 48267024 6797027 13262969 22695678 15493791 ",1856
166,1,2019-08-14 18:36:05,"1164847 1166065 11507833 1164841 1164837 ",1865
167,5,2019-08-14 18:40:24,"35705517 35908771 6938341 978162 25486003 ",1874
168,5,2019-08-14 18:40:37,"17289207 35660201 1694770 19776557 ",1877
169,1,2019-08-14 18:50:50,"19103110 19103118 9321599 19103098 43177248 ",1895
170,1,2019-08-14 18:52:22,"29677210 29278130 40820133 2456360 3879192 ",1901
171,1,2019-08-14 19:06:21,"2268408 14785689 17607670 2124990 11437131 ",1922
172,5,2019-08-14 19:25:47,"19103110 19103118 9321599 19103098 43177248 ",1950
173,5,2019-08-14 19:29:18,"1375525 23561058 40358633 6239074 25451511 ",1954
174,3,2019-08-14 19:33:10,"547649 34904758 547640 548258 547644 ",1958
175,5,2019-08-14 19:54:21,"5247896 40855217 4552278 23275717 48126372 ",
176,5,2019-08-14 19:55:56,"7514938 12949821 16437891 11638153 29172210 ",1973
177,2,2019-08-14 20:00:50,"13356611 24115033 31936583 41756419 31868509 ",1979
178,2,2019-08-14 20:06:50,"34329877 35593865 19195557 15881448 ",1985
179,5,2019-08-14 20:07:18,"25376572 18016462 24080514 36059652 11438153 ",1986
180,5,2019-08-14 20:20:25,"11727522 3663949 10714351 25731624 11727508 ",2001
181,5,2019-08-14 20:46:21,"8165102 8165074 11258106 8165124 37333454 ",2031
182,5,2019-08-14 21:01:00,"36659219 23646170 22249342 40645402 6124228 ",2048
183,5,2019-08-14 21:03:01,"17591466 11050427 40493565 11018393 43669970 ",2053
184,5,2019-08-14 21:28:14,"7553312 22478748 6308243 2399574 30618098 ",2069
185,5,2019-08-14 21:33:32,"3748861 3748858 2721438 30479040 ",2074
191,5,2019-08-14 22:43:23,"35619234 35619256 30114043 27367515 ",2130
186,1,2019-08-14 21:52:11,"22628770 22629238 28122094 20834435 22628828 ",2089
187,3,2019-08-14 22:00:12,"3976797 25747105 3984234 11230288 11230169 ",2096
188,5,2019-08-14 22:34:52,"7454507 10499060 3958974 7454338 15495127 ",2124
189,5,2019-08-14 22:35:04,"22491742 28228281 24583680 10973553 14452144 ",2123
190,5,2019-08-14 22:43:23,"35619234 35619256 30114043 27367515 ",2130
192,2,2019-08-14 23:29:22,"17989900 17989787 17990201 35720694 13416115 ",2156
193,4,2019-08-14 23:36:06,"16088306 12988561 37429121 17379043 28845260 ",2155
194,1,2019-08-14 23:50:47,"32321512 22007320 39945324 17812555 4090189 ",2167
195,4,2019-08-14 23:53:11,"16335954 10912910 5008017 16129150 20969163 ",2168
196,5,2019-08-15 00:20:38,"20758642 20758624 15809184 4705704 11452851 ",2186
197,4,2019-08-15 01:01:44,"19894733 6301205 28118155 1680572 1680611 ",
198,5,2019-08-15 01:18:05,"10530405 10530407 10530379 157950 9811302 ",2215
199,5,2019-08-15 01:59:07,"40860753 48498900 30168039 32931730 44121472 ",2220
200,5,2019-08-15 02:17:26,"4065537 1830719 35932047 26756527 14919215 ",2227
201,5,2019-08-15 02:39:54,"12969483 49729327 5235424 14785527 46038561 ",2235
202,1,2019-08-15 02:57:16,"30853484 ",2245
203,5,2019-08-15 03:03:29,"34452131 3987383 42694200 50352087 10703889 ",2207
204,5,2019-08-15 03:03:30,"34452131 3987383 42694200 50352087 10703889 ",2207
205,5,2019-08-15 03:39:26,"11727522 3663949 10714351 25731624 11727508 19233594 11094123 5935223 ",2268
206,2,2019-08-15 03:47:13,"15074010 18928868 8537294 7234636 7234614 ",2272
207,5,2019-08-15 04:04:29,"15606592 20159273 26574440 15045710 ",2290
208,5,2019-08-15 04:11:40,"20833766 6484366 9345153 32732472 47934198 ",2292
209,4,2019-08-15 04:35:00,"41679010 6807481 34830332 12948521 18591454 17011654 16383909 15565808 41679009 10904035 ",2306
210,5,2019-08-15 04:42:29,"21746774 37748185 22252667 10255442 17038175 ",2310
211,5,2019-08-15 06:05:10,"10495882 10457114 11177363 11233021 10427198 ",2385
212,2,2019-08-15 06:09:49,"36581175 5169893 49940176 5648190 43470428 ",2386
213,1,2019-08-15 06:13:31,"4231125 38397086 18787656 16364000 37857847 ",2392
214,3,2019-08-15 06:19:56,"24634007 49003865 40793053 32648397 47005265 ",2398
215,2,2019-08-15 06:43:26,"35766206 46075035 48625836 47810535 50249863 ",2404
216,3,2019-08-15 06:57:36,"7089228 5723776 10500976 ",2410
217,5,2019-08-15 07:19:15,"11366828 42847787 9574566 13025960 ",2428
218,1,2019-08-15 07:26:33,"6960503 30474043 40437890 7938418 8061609 27930591 35044417 12792831 356456 28495338 ",2432
219,3,2019-08-15 07:30:46,"1359702 7269943 14016308 16903802 6234163 ",2435
220,5,2019-08-15 07:48:24,"11727522 3663949 10714351 25731624 11727508 ",2448
221,5,2019-08-15 08:32:16,"35745667 27917071 26610944 17048179 38432603 ",2477
222,1,2019-08-15 08:40:13,"34864700 554511 554518 26427553 11465864 ",2480
223,5,2019-08-15 08:41:29,"7107555 32216430 23194722 6923995 33491050 ",2487
224,5,2019-08-15 08:49:05,"12305723 20393516 12305682 ",2494
225,1,2019-08-15 08:50:27,"9714231 19751613 41613362 3804640 45959169 ",2496
226,2,2019-08-15 08:58:18,"1862687 6391915 33484269 8776345 7811158 45530257 1914420 16712915 7818312 1863263 ",2504
227,2,2019-08-15 09:10:24,"33126717 43793312 44889688 45287242 18753303 ",2524
228,5,2019-08-15 09:20:59,"32539020 44937667 32539073 32539288 32539056 ",2532
229,5,2019-08-15 09:32:50,"4008248 30294134 27691916 7833713 31740494 ",2544
230,4,2019-08-15 09:34:35,"9203185 41377925 5471443 23669479 ",2553
232,3,2019-08-15 09:35:13,"8609189 639602 16823976 19110392 8549835 ",2552
231,3,2019-08-15 09:35:23,"11595297 5011998 4769576 5011922 18992013 2860972 31999017 42431498 5012055 8064500 ",2556
233,5,2019-08-15 10:07:38,"35799228 16322197 19763804 35799136 35740556 ",2577
234,5,2019-08-15 10:38:36,"42146679 35725897 38431584 38233943 47347668 ",2599
235,5,2019-08-15 10:54:12,"13967579 17989207 14358587 13823832 ",2629
236,1,2019-08-15 10:56:39,"13399522 16363458 7066811 15965641 34809832 ",2637
237,4,2019-08-15 10:59:11,"18740600 5591900 45338524 5591979 4424597 ",2639
238,5,2019-08-15 11:00:44,"38434933 22804578 4701313 39333595 ",2645
239,1,2019-08-15 11:02:46,"20169767 35273577 12386955 33094210 4605162 12366794 38226738 33346640 35388224 25809942 ",2649
240,1,2019-08-15 11:20:31,"29875015 48129340 10328229 48129519 16813064 ",2671
241,4,2019-08-15 11:22:18,"3889814 7473210 3883584 5261119 44427174 ",2652
242,1,2019-08-15 11:34:15,"1020151 15594627 4729873 15496902 43499739 ",2681
243,5,2019-08-15 12:05:51,"3952701 703020 957476 703032 1883690 ",2716
244,1,2019-08-15 12:06:28,"7899552 21113902 14386788 10079478 ",2718
245,5,2019-08-15 12:09:30,"4374670 4792218 49319746 42552038 14773362 ",2722
246,4,2019-08-15 12:44:45,"37021336 34350079 39953925 37949892 33968486 ",2748
247,5,2019-08-15 13:47:40,"1997889 13741678 13741757 13326948 26241711 ",2797
248,1,2019-08-15 14:30:30,"23041795 41323773 41323771 12813977 1788349 ",2820
249,1,2019-08-15 14:34:22,"13320934 37698533 13048032 35670068 34328039 ",2821
250,1,2019-08-15 14:34:56,"26308122 25596193 48003193 29224968 25425985 ",2823
251,1,2019-08-15 14:46:56,"38517569 41650236 49004048 35505812 39599566 ",2835
252,3,2019-08-15 14:48:44,"8153118 8153154 7139416 35054459 9457057 ",2836
253,4,2019-08-15 14:49:41,"508824 39733301 14014640 10384627 36575175 ",2837
254,2,2019-08-15 15:36:23,"20076498 27906868 48635819 26777594 49483672 15365427 28059619 28246317 7643201 44277487 ",2867
255,4,2019-08-15 15:59:50,"2676939 27933526 12269780 33021514 28719484 ",2879
256,5,2019-08-15 16:08:57,"43749074 21173627 28714195 44499270 3915769 ",2887
257,1,2019-08-15 16:45:09,"48805203 44754154 43335734 50453599 46113187 ",2904
258,4,2019-08-15 16:50:45,"23635341 4389225 5688837 14896964 13647863 ",2906
259,5,2019-08-15 17:14:40,"14173403 29869505 2955819 15129320 31543791 ",2922
260,4,2019-08-15 17:25:10,"28506213 38645639 41706174 28521000 46502372 ",2924
261,2,2019-08-15 17:47:20,"29178541 40087744 745451 40805072 745465 ",2943
262,1,2019-08-15 18:15:38,"12134575 11214828 35005329 44803193 33177393 ",2955
263,4,2019-08-15 18:55:02,"9494286 20493230 12456875 9494288 23932475 ",2986
264,5,2019-08-15 19:34:39,"11650349 11693878 10441088 32224076 21120427 ",3010
265,4,2019-08-15 19:38:22,"23673069 18543205 17966466 26894892 34201603 31613332 20845098 14404214 27542228 35497941 ",3007
266,4,2019-08-15 19:53:50,"11601276 34826318 11601164 3206549 40577551 ",3020
267,3,2019-08-15 21:40:11,"15436591 15646643 21003009 38691219 4254428 ",3062
268,5,2019-08-15 22:09:49,"46227128 39011912 ",3069
269,1,2019-08-15 22:37:36,"29543492 29543580 17600387 26741851 27934457 ",3080
270,4,2019-08-15 23:00:21,"9230991 9231317 18706779 9816867 ",3081
271,1,2019-08-16 00:26:49,"14234537 15335051 10941793 10941792 31054610 ",3096
272,2,2019-08-16 00:27:29,"27728645 9403763 10595144 20137703 22252667 ",3097
324,5,2019-08-16 13:30:40,"33667584 8596593 49089999 14205759 45110310 ",3574
325,1,2019-08-16 13:48:06,"18524101 21966194 48372229 ",3585
326,5,2019-08-16 14:02:17,"4430205 25720464 3756683 35720694 46428697 ",3592
327,5,2019-08-16 14:48:28,"11639574 10665589 36944878 10665594 11639546 ",3619
273,1,2019-08-16 00:53:53,"11727522 3663949 10714351 25731624 11727508 ",3108
274,1,2019-08-16 01:43:32,"41413263 47811633 43900339 43902626 3170540 ",3120
275,5,2019-08-16 01:44:07,"40003648 5608436 42093973 31005079 24401665 ",3122
333,2,2019-08-16 16:25:02,"27564049 24246489 24787963 22225644 13299841 36369464 11171050 18672501 6390583 8915921 ",3665
334,5,2019-08-16 16:25:27,"28246317 33335251 7970910 41053380 9616151 ",3644
335,1,2019-08-16 17:08:54,"16642810 14279896 32849472 14944957 13999373 ",3690
336,5,2019-08-16 17:47:10,"11727522 3663949 10714351 25731624 11727508 19233594 11094123 5935223 21764671 ",3705
328,2,2019-08-16 14:55:41,"8652834 10530405 10530407 11658481 7500382 7500279 8652858 10533011 20832839 17582329 ",3622
329,1,2019-08-16 15:22:27,"1696852 1696880 34596054 3169394 14937427 ",3632
330,1,2019-08-16 15:23:00,"32925932 10186223 27503039 31451635 33449099 ",3633
276,4,2019-08-16 02:38:51,"33988758 33988771 19617529 9837503 19617487 ",3142
277,3,2019-08-16 03:21:26,"3748861 3748858 2721438 30479040 10597576 ",3148
278,5,2019-08-16 03:43:43,"17289207 44622440 35660201 1694770 19776557 ",3161
279,3,2019-08-16 03:44:58,"1496221 38894350 38366562 2250126 13528460 ",3163
280,1,2019-08-16 03:50:50,"32342078 26961089 23154196 565552 39615733 ",3169
281,3,2019-08-16 05:20:10,"3903931 22413197 41975323 5234196 5234160 ",3217
282,1,2019-08-16 05:40:09,"39264272 37460556 42552718 44445314 42613222 ",3226
283,1,2019-08-16 05:40:39,"37460556 42552718 44445314 42613222 ",3227
284,4,2019-08-16 05:44:37,"19103110 19103118 9321599 19103098 43177248 ",3231
285,4,2019-08-16 05:52:40,"14231738 44558866 21795392 13565951 10714351 ",3240
286,5,2019-08-16 06:30:30,"30281392 18128586 25666472 9285274 43925724 ",3266
287,5,2019-08-16 07:22:33,"42694200 5815194 34452131 5815474 10272031 ",3297
288,4,2019-08-16 07:24:57,"24526007 7267843 33502909 12003467 31502242 ",3300
289,4,2019-08-16 07:45:34,"27503213 28136445 30240397 12306732 18194193 ",3309
290,5,2019-08-16 07:54:45,"12305723 20393516 12305682 7569380 25933345 ",3315
291,5,2019-08-16 07:56:27,"13515247 12337798 30511712 39303745 12616223 ",3318
292,4,2019-08-16 08:00:34,"1209676 48142621 1209664 1209642 40227164 ",3323
293,2,2019-08-16 08:17:00,"6309975 6309957 20769218 35331121 13015394 ",3335
294,4,2019-08-16 08:18:12,"39945345 ",3339
295,5,2019-08-16 08:24:43,"11727522 3663949 10714351 25731624 11727508 ",3340
296,3,2019-08-16 09:47:57,"18487956 9161125 16600740 27381905 16000436 ",3383
297,2,2019-08-16 09:48:09,"18487956 ",3385
298,1,2019-08-16 09:54:13,"4459311 19602685 21275947 4459289 ",3396
299,1,2019-08-16 10:20:52,"26077074 17993871 49183074 7567976 5815383 ",3409
300,5,2019-08-16 10:21:02,"48354560 48354830 47234946 36315659 48360233 ",3410
301,4,2019-08-16 10:21:07,"17289207 44622440 35660201 1694770 19776557 ",3411
302,1,2019-08-16 10:31:00,"11583962 29113116 5193363 18398870 7753675 ",3425
303,1,2019-08-16 10:39:10,"17889981 8053403 5394035 35974273 33738455 ",3433
304,1,2019-08-16 10:59:29,"3713668 3713651 3713658 268937 9213642 ",3453
305,5,2019-08-16 11:14:37,"35705517 ",3468
306,5,2019-08-16 11:16:16,"6928784 2783006 16847709 8263671 26257033 18756817 8690756 6928211 6927975 38393650 ",3470
307,5,2019-08-16 11:19:14,"2528480 4498814 48721617 19218035 10514345 ",3472
308,5,2019-08-16 11:29:08,"37707171 31410764 26830481 25945216 36750819 ",3480
309,5,2019-08-16 11:42:50,"46227128 5585800 16771386 ",3493
310,5,2019-08-16 11:43:33,"20904059 47129395 25038941 ",3495
311,1,2019-08-16 11:44:35,"6174210 35228293 18220110 17686098 ",3500
312,5,2019-08-16 11:45:08,"1777999 16429897 16434943 17441320 46232917 ",3502
313,3,2019-08-16 11:54:27,"11177370 7409763 16539990 3206549 23384153 ",3510
314,5,2019-08-16 11:54:27,"11177370 7409763 16539990 3206549 23384153 ",3510
315,4,2019-08-16 11:54:27,"11177370 7409763 16539990 3206549 23384153 ",3510
316,1,2019-08-16 12:00:32,"2366231 44765500 8173720 289676 9886285 ",3514
317,4,2019-08-16 12:07:04,"8125725 16017183 34117228 27770955 7079868 ",3519
318,1,2019-08-16 12:13:24,"7552704 7552708 17291356 40756906 7552675 ",3523
319,1,2019-08-16 12:14:45,"44065904 44065894 44067550 16104520 40823973 ",3527
320,4,2019-08-16 12:55:03,"46074765 39874491 50235948 35441409 17829638 ",3546
321,2,2019-08-16 12:55:11,"16810200 34482532 4795731 23599615 32306820 ",3547
322,5,2019-08-16 13:03:44,"33045466 41128993 45702120 45574628 43487432 ",3541
323,5,2019-08-16 13:20:19,"22861101 22860990 22860998 10785662 22860974 ",3567
331,1,2019-08-16 16:01:48,"40537821 ",3656
332,1,2019-08-16 16:02:10,"33175152 14111039 20097719 17179883 30863469 29782470 28535753 29628630 29601957 46463010 ",3652
337,5,2019-08-16 18:33:45,"8602776 20559862 3966862 11468943 17988296 ",3722
338,4,2019-08-16 18:37:42,"10655409 17732825 19905728 9866496 3518323 ",3723
339,5,2019-08-16 20:18:46,"5687456 28761160 16945563 7590847 2194977 ",3748
340,5,2019-08-16 20:33:27,"29274413 36992375 34752615 41425302 18521351 ",3755
341,4,2019-08-16 21:47:54,"3634622 8585752 9140883 10794028 4810961 ",3763
342,1,2019-08-16 21:49:49,"34406334 33871011 34116910 33809786 48222154 ",3764
343,5,2019-08-16 22:20:46,"46122827 5362085 23327129 4485772 38205153 ",3766
344,5,2019-08-17 03:59:00,"17051396 43866264 13018318 33185265 8703126 ",3802
345,5,2019-08-17 03:59:00,"17051396 43866264 13018318 33185265 8703126 ",3802
346,1,2019-08-17 04:00:41,"1656811 41437312 5031252 1656865 42447215 ",3804
347,4,2019-08-17 04:01:23,"1498008 3507394 39241141 24225133 16655019 ",3805
348,4,2019-08-17 04:15:19,"42666192 19604936 31829770 31814391 38608067 ",3808
349,3,2019-08-17 04:15:19,"42666192 19604936 31829770 31814391 38608067 ",3808
350,5,2019-08-17 04:15:19,"42666192 19604936 31829770 31814391 38608067 ",3808
413,2,2019-08-19 01:41:36,"13565951 21795443 17123408 6835620 26242246 ",4535
351,5,2019-08-17 04:43:18,"24913804 4463078 4361282 5171150 6175260 ",3801
352,5,2019-08-17 07:16:32,"7428064 37133498 11954059 965726 32504169 ",3831
353,1,2019-08-17 08:02:33,"15956304 25226497 34483184 6834692 50068261 ",3834
354,3,2019-08-17 08:03:07,"8273086 34483184 18964324 7912217 2108981 ",3835
355,2,2019-08-17 09:49:37,"32557217 17870390 8014184 46482476 7468818 ",3853
356,2,2019-08-17 11:38:29,"19976572 28968446 1038414 1038398 1038401 ",3866
357,5,2019-08-17 11:58:11,"2137766 ",3869
358,1,2019-08-17 12:23:45,"2316787 23244210 18188159 6083280 10894795 ",3874
359,5,2019-08-17 21:34:19,"21049921 27468852 15118907 49103705 16289997 ",3947
360,5,2019-08-17 21:34:56,"39191131 39191165 39574749 39191174 48311796 ",3948
361,5,2019-08-17 21:41:02,"28446044 18993758 11627402 16239127 15685953 ",3949
362,5,2019-08-18 06:16:22,"2044972 17162874 27723397 46619383 27471830 ",3995
363,4,2019-08-18 06:19:40,"4100809 29963956 11203276 38739707 49426833 ",3997
364,5,2019-08-18 06:20:49,"30459570 21282500 21120862 43962464 19302231 ",4000
365,5,2019-08-18 06:23:48,"271011 278551 43690243 22623959 32907265 ",4005
366,3,2019-08-18 06:47:46,"41931665 9171161 6777999 14016308 23227009 ",4017
367,5,2019-08-18 06:47:56,"27937737 1351571 14080193 4197560 35265080 ",4016
368,5,2019-08-18 06:47:59,"2137766 41053380 8975579 34172032 32032464 ",4018
369,5,2019-08-18 07:13:36,"363051 22109634 7548924 4067230 9678657 ",4023
414,2,2019-08-19 02:13:44,"9903370 9903085 40128017 13081096 5364222 ",4564
370,5,2019-08-18 08:42:28,"17512961 18581070 21702023 28588120 4549216 ",4033
371,5,2019-08-18 09:00:19,"2839332 1640931 32970843 13648006 19362785 ",4038
372,4,2019-08-18 09:27:55,"41878261 224675 35382080 31883436 35382076 24584503 11857866 11474356 23168510 17939167 ",4044
373,4,2019-08-18 10:38:51,"31024633 33127048 33126786 6174594 33126630 ",4078
374,5,2019-08-18 11:55:07,"30352315 38036283 24190290 5631816 20153790 ",4104
375,4,2019-08-18 11:56:01,"30352315 23523183 20153790 11668644 8387490 ",4109
376,1,2019-08-18 11:56:41,"30352315 ",4113
377,5,2019-08-18 13:51:02,"8652834 10530405 10530407 11658481 7500382 ",4140
378,2,2019-08-18 15:21:47,"223138 3161529 3791068 24671762 44340727 ",4161
379,1,2019-08-18 15:27:49,"28895582 33167330 10392123 12862662 12479096 ",4163
380,5,2019-08-18 15:57:18,"876845 2903813 34387472 876876 16691530 ",4168
381,2,2019-08-18 16:03:58,"9706482 5178166 41272402 35298467 28967294 ",4169
382,5,2019-08-18 16:14:28,"7646499 40700694 46227128 5585800 16771386 ",4171
383,2,2019-08-18 18:55:37,"5935223 8712576 27253131 12886889 642904 ",4204
384,3,2019-08-18 20:43:34,"47457418 47457422 4245480 4245481 10780378 ",4224
385,4,2019-08-18 20:53:25,"39098938 22595565 41180300 9413026 30791549 ",4239
386,4,2019-08-18 20:54:03,"18552190 7455273 25179848 18301855 10890186 ",4241
387,5,2019-08-18 20:55:03,"28706224 13656833 47199 3722259 15733157 ",4242
388,1,2019-08-18 20:55:38,"26803942 45256168 27309136 16668087 4196104 ",4244
389,1,2019-08-18 21:07:24,"31105224 7344204 38248044 47236147 ",4252
390,5,2019-08-18 21:14:41,"12432 13851649 8805696 13851668 1963840 ",4260
391,5,2019-08-18 21:47:42,"10231381 42093973 43950969 43613445 12583696 ",4316
392,5,2019-08-18 21:49:45,"24349050 6240189 16678458 15744481 15632531 ",4317
393,1,2019-08-18 22:12:53,"11936405 49453251 4533786 21122591 35174990 ",4346
394,1,2019-08-18 22:18:15,"27590203 15293361 20858330 11234135 ",4356
395,5,2019-08-18 22:23:28,"45082753 6948941 31873560 15144944 ",4364
396,4,2019-08-18 22:35:19,"11727522 3663949 10714351 25731624 11727508 ",4372
397,1,2019-08-18 22:38:59,"3732730 858055 4239468 42957525 24733386 ",4378
398,5,2019-08-18 22:53:06,"31261530 39405537 7194011 40789603 37737336 ",4396
399,3,2019-08-18 22:57:47,"33178527 28838841 35438100 15247348 17395079 ",4401
400,3,2019-08-18 23:04:55,"28387960 45888651 21457217 7775381 9378447 ",4403
401,3,2019-08-18 23:18:51,"4552278 28466684 17235840 35644035 38448403 ",4409
415,2,2019-08-19 02:15:22,"9587259 35351715 9020432 2343815 11549665 ",4570
402,3,2019-08-18 23:19:40,"4539461 14185747 8351850 19449833 13010709 ",4410
403,1,2019-08-18 23:44:08,"17713355 41060082 13543488 2470140 31950580 4633575 9769853 1158247 2572792 ",4425
404,5,2019-08-18 23:48:19,"44065904 40823973 44067550 19776557 44065894 ",4429
405,1,2019-08-18 23:48:50,"38336111 38336047 10714286 31772245 40373888 ",4430
406,1,2019-08-19 00:01:36,"22717532 31100605 31100649 25115251 46679794 ",4442
407,1,2019-08-19 00:03:40,"31296472 42611654 39898928 15730180 32275503 ",4444
408,1,2019-08-19 00:04:40,"41051742 27490635 17293569 8687540 17293401 ",4447
409,5,2019-08-19 00:09:25,"46464238 11913727 13240770 10510015 24892844 ",4452
410,3,2019-08-19 00:24:14,"16207540 27747518 2665604 16863815 2784758 ",4476
411,1,2019-08-19 01:29:19,"5146198 2795214 16956397 21843837 8302910 ",4524
412,4,2019-08-19 01:32:02,"15365315 49666183 4736825 36071810 11552058 ",4530
416,1,2019-08-19 02:26:02,"25073091 1595677 12009433 25420690 17298333 ",4580
417,5,2019-08-19 03:12:06,"23779888 422994 423194 9847500 8677241 ",4633
418,1,2019-08-19 03:15:52,"32334442 16587758 24586408 14990414 32334449 ",4632
419,2,2019-08-19 03:19:39,"9407856 1805163 10477858 11447854 4663091 ",4640
420,5,2019-08-19 03:35:00,"42694606 9929956 38729275 42694706 7199929 ",4672
421,5,2019-08-19 03:48:31,"8192887 26292787 31350291 22550437 12496098 ",4687
422,1,2019-08-19 03:59:37,"5637823 41019716 8968559 33397827 41899647 ",4702
423,3,2019-08-19 04:04:06,"6113251 19827693 10544860 21989342 9139165 ",4715
424,1,2019-08-19 04:18:51,"7646499 40700694 46227128 5585800 16771386 ",4746
425,1,2019-08-19 04:22:18,"29500273 47732714 16684239 4663105 26242286 ",4752
426,5,2019-08-19 04:24:13,"18144208 14727772 7730034 29521996 15243473 ",4718
427,2,2019-08-19 04:39:13,"11571815 31364546 39996033 30067905 36152757 ",4767
428,2,2019-08-19 04:52:53,"33736612 3671742 8600573 29014427 28441368 ",4785
429,3,2019-08-19 05:04:27,"5237290 31440062 5359489 15039970 15907295 ",4806
430,5,2019-08-19 05:26:17,"10858348 20291950 38160670 2306982 1824716 ",4831
431,3,2019-08-19 05:46:41,"43582231 3815771 828596 828848 3838930 ",4860
432,5,2019-08-19 06:05:19,"17392017 16364536 43310226 1582192 4333133 ",4881
433,5,2019-08-19 06:10:38,"11727522 3663949 10714351 25731624 11727508 ",4886
434,1,2019-08-19 06:36:56,"15017777 20684422 25009261 6769536 17515482 ",4930
435,2,2019-08-19 06:52:28,"5688086 17637848 15356804 34310415 41518057 ",4958
436,4,2019-08-19 06:52:52,"23660776 18624600 7948627 7948258 43030865 ",4959
437,4,2019-08-19 07:02:26,"21424617 3415441 13739885 13740035 13742624 ",4973
438,1,2019-08-19 07:08:20,"30768011 30763890 40241153 28658297 39424761 ",4988
439,4,2019-08-19 08:02:47,"374593 30480913 2325989 38216584 8833269 ",5075
440,1,2019-08-19 08:05:24,"10967270 362457 5546373 31611088 10769725 ",5096
441,5,2019-08-19 08:05:30,"17289207 44622440 35660201 1694770 19776557 ",5095
442,5,2019-08-19 08:05:30,"17289207 44622440 35660201 1694770 19776557 ",5095
443,2,2019-08-19 08:05:39,"7032149 10598991 16748076 7032147 16748059 ",5089
444,5,2019-08-19 08:06:15,"36183854 34767962 2367825 34746933 22550881 ",5103
445,1,2019-08-19 08:06:23,"13070060 13069831 46873937 20540001 14805301 ",5098
448,5,2019-08-19 08:12:02,"20509123 36932189 7063591 7357894 7157360 ",5151
449,4,2019-08-19 08:12:19,"18644214 18644211 26791247 10227665 26791216 18489998 24648208 7666716 42174251 ",5152
450,2,2019-08-19 08:14:17,"20769218 31603787 25236793 35331121 15982568 ",5163
451,5,2019-08-19 08:17:39,"40213487 19937570 5163887 30708301 5163852 ",5199
452,1,2019-08-19 08:21:10,"1364405 25740890 7020054 14438342 23448834 ",5252
453,5,2019-08-19 08:27:11,"16655019 29727765 18645823 7004859 3267490 ",5320
454,1,2019-08-19 08:27:20,"42261758 2927191 24016916 8642197 2927175 ",5281
446,5,2019-08-19 08:09:29,"11727522 3663949 10714351 25731624 11727508 ",5127
447,5,2019-08-19 08:11:12,"34452131 3987383 42694200 50352087 10703889 ",5146
455,5,2019-08-19 08:31:01,"23871422 36189562 23191267 4784911 36919032 ",5352
456,5,2019-08-19 08:31:01,"23871422 36189562 23191267 4784911 36919032 ",5352
457,3,2019-08-19 08:31:02,"16439452 8756596 5751883 5751879 7315375 ",5348
458,5,2019-08-19 08:31:24,"12035403 5196017 12035468 40645446 12035405 ",5353
459,4,2019-08-19 08:32:23,"8615913 5098328 31218390 26319331 7918771 ",5373
460,4,2019-08-19 08:32:49,"584929 14157868 19508837 1328328 10464426 ",5381
461,1,2019-08-19 08:33:04,"12706688 7589716 3481911 19438840 31311621 ",5383
462,5,2019-08-19 08:34:23,"17874756 17874785 17874786 42038410 14445758 ",5396
463,3,2019-08-19 08:47:22,"18151325 13719123 24455374 50403501 24455184 ",5518
464,2,2019-08-19 08:47:22,"18151325 13719123 24455374 50403501 24455184 ",5518
465,2,2019-08-19 08:56:12,"17730619 4969783 5688647 28464776 12571394 ",5599
466,5,2019-08-19 09:05:19,"19117398 14746991 34477810 12142780 35024669 ",5666
467,2,2019-08-19 09:07:04,"40240859 30202368 43750865 16996383 43750824 ",5672
468,5,2019-08-19 09:08:53,"34452131 3987383 42694200 50352087 10703889 ",5687
469,3,2019-08-19 09:09:43,"13505227 27103642 11905725 14149853 1143838 ",5694
470,2,2019-08-19 09:10:59,"27763109 45320887 28051882 33197053 49578749 ",5714
471,1,2019-08-19 09:11:38,"48090817 7790350 9031298 2773006 35986836 48746328 16002387 30347620 37599637 10856574 ",5724
472,2,2019-08-19 09:12:46,"16520609 5335631 46440020 23752845 36356422 42098020 14641118 45563814 33736335 18814446 ",5726
473,2,2019-08-19 09:19:06,"29637400 33510937 11485514 28410954 23043792 ",5769
474,1,2019-08-19 09:20:39,"26465800 8549715 11689619 29882093 29573197 ",5787
524,5,2019-08-19 11:53:19,"13388155 13366480 14016308 11939695 36386594 17232668 17671390 11576137 5021102 31302480 ",6685
475,5,2019-08-19 09:24:19,"25167043 49497997 35928908 40864004 30151454 ",5816
476,5,2019-08-19 09:24:44,"24199771 39530978 39531227 2727534 12564028 ",5818
477,5,2019-08-19 09:26:29,"29787683 28643684 14744680 28644272 13853682 ",5830
478,1,2019-08-19 09:28:11,"13424025 25682787 31157311 39467545 40002 ",5857
480,1,2019-08-19 09:28:46,"38460558 ",5864
479,1,2019-08-19 09:28:50,"45982130 4090189 42303440 23843428 45845518 ",5840
481,4,2019-08-19 09:29:12,"32994454 9436733 13145815 9436750 27844380 ",5869
482,4,2019-08-19 09:29:52,"29627333 18176276 24232313 25055094 648192 ",5875
525,1,2019-08-19 11:57:22,"11650349 16802203 5379988 1431579 16802235 ",6707
483,3,2019-08-19 09:36:37,"34452131 50352087 10703889 ",5907
484,5,2019-08-19 09:41:24,"2150418 34257421 18857260 20211626 17313343 ",5936
485,1,2019-08-19 09:42:26,"40894237 2980928 6842598 32933914 35948730 ",5954
486,3,2019-08-19 09:43:17,"16372725 23759788 41105602 17199116 9862726 ",5960
487,5,2019-08-19 09:43:54,"25666472 49105190 19564595 24682306 9949372 ",5964
488,3,2019-08-19 09:44:05,"5008701 29128896 8971603 12982514 39183302 ",5967
489,1,2019-08-19 09:47:35,"39945324 4234996 12134901 4234999 49541655 ",5998
490,5,2019-08-19 09:51:39,"17591466 11050427 40493565 11018393 43669970 ",6018
491,5,2019-08-19 09:56:40,"7514938 43912025 37798176 1034888 15949458 ",6048
492,3,2019-08-19 09:57:06,"29309999 18874964 8881893 423602 49284446 ",6054
493,2,2019-08-19 10:00:43,"29904036 160976 5631041 5631039 14565834 ",6076
494,5,2019-08-19 10:01:31,"16174322 595973 6452339 5095515 18456837 ",6083
495,2,2019-08-19 10:02:06,"29904036 160976 5631039 14565834 ",6091
496,1,2019-08-19 10:02:35,"40882941 42358049 11858502 18453159 40441802 ",6099
497,1,2019-08-19 10:03:32,"12401725 12401756 4318866 6729699 12401697 ",6109
498,2,2019-08-19 10:03:36,"25077392 15567181 34599052 19130735 ",6104
499,1,2019-08-19 10:08:39,"33169549 29137816 15333862 24930674 4522353 ",6142
500,1,2019-08-19 10:09:07,"1328212 42329309 3948999 29405856 18047557 ",6146
501,1,2019-08-19 10:11:03,"23981995 ",6155
502,5,2019-08-19 10:11:18,"17480244 25396058 13979023 8793447 20597801 ",6161
503,5,2019-08-19 10:12:26,"21085107 28918214 21066221 28999444 23121540 ",6174
504,2,2019-08-19 10:13:03,"26524107 16289561 17001916 18500870 31022011 ",6179
505,1,2019-08-19 10:14:34,"27570363 16325260 35643962 13465342 12793076 ",6188
506,5,2019-08-19 10:17:11,"35830133 38865537 23803972 12087527 11491178 ",6205
507,1,2019-08-19 10:17:38,"15675034 ",6213
508,1,2019-08-19 10:17:44,"15675034 ",6216
509,5,2019-08-19 10:19:48,"50424391 35382080 35382076 8688827 10546469 ",6233
510,1,2019-08-19 10:30:00,"1907225 5601886 25930630 8296560 4360278 ",6299
511,2,2019-08-19 10:30:59,"22950921 23759788 5868455 24666849 2864184 ",6320
512,3,2019-08-19 10:38:46,"39388572 2969079 10372183 25419035 8215667 ",6290
513,1,2019-08-19 10:49:58,"3378767 ",6407
514,1,2019-08-19 11:02:10,"24948216 20369596 2096006 34452445 2844149 ",6456
515,5,2019-08-19 11:02:39,"15954508 45651746 30384640 43858473 664213 ",6470
516,5,2019-08-19 11:09:46,"15411074 9524327 25863493 22431147 4516397 ",6516
517,1,2019-08-19 11:11:02,"13307213 24065107 13307221 12589928 13307259 ",6524
518,2,2019-08-19 11:15:31,"28953935 39694189 2667193 8534438 15764301 ",6541
519,2,2019-08-19 11:25:20,"44890841 32879920 29915008 14441546 22447361 ",6577
520,4,2019-08-19 11:30:59,"28162257 26652981 41187461 6428105 48893960 ",6594
521,5,2019-08-19 11:40:25,"17289207 44622440 35660201 1694770 19776557 ",6633
522,5,2019-08-19 11:41:06,"7646499 40700694 46227128 5585800 16771386 ",6639
523,3,2019-08-19 11:42:06,"10975577 14700853 36076934 15131610 40910400 ",6647
526,1,2019-08-19 12:05:13,"34253042 ",6722
527,4,2019-08-19 12:09:26,"21609869 21609886 30838792 28603274 1913518 ",6740
528,1,2019-08-19 12:18:44,"42957024 5483341 42957060 5968250 32478149 ",6773
529,1,2019-08-19 12:21:19,"5937473 4369482 43294541 8433626 743427 ",6780
530,5,2019-08-19 12:22:46,"39772194 20451817 2064170 30259847 27782319 ",6786
531,1,2019-08-19 12:26:54,"7552704 17291356 7552708 40756906 7552684 ",6804
532,5,2019-08-19 12:28:54,"46227128 39011912 ",6812
533,5,2019-08-19 12:32:11,"33624696 18901602 17643786 27498584 22788290 ",6833
534,1,2019-08-19 12:39:23,"41500131 24254740 25809942 11868203 9943605 47222098 16374019 9960432 25722877 ",6848
535,5,2019-08-19 12:40:16,"20190009 5207356 27654621 20189910 31517798 ",6851
536,5,2019-08-19 12:43:09,"8911415 13620408 27686958 28845431 10295373 ",6866
537,1,2019-08-19 12:50:22,"22828694 44275017 13578698 27944640 2508860 ",6862
538,5,2019-08-19 13:12:44,"6142565 41462810 7410378 30673128 30673133 ",6930
539,2,2019-08-19 13:13:11,"9879342 9889677 10769303 27343989 24924290 ",6933
598,3,2019-08-20 02:48:57,"12685118 37010177 29849129 6692574 ",8326
599,5,2019-08-20 02:51:53,"42737621 42737623 10678856 28730282 26883221 ",8335
540,5,2019-08-19 13:29:58,"36994101 37304888 41865340 6347879 11555519 ",6955
541,5,2019-08-19 13:39:48,"20838944 6592029 1133815 2443223 14720192 ",6975
542,3,2019-08-19 13:46:16,"43716265 43166552 4105344 47662901 7646499 ",6991
543,1,2019-08-19 14:10:53,"29811394 43929084 11873949 22824289 2282647 27519351 35531094 ",7034
544,1,2019-08-19 14:12:19,"3935634 13098151 27684349 27917888 47953157 ",7038
545,1,2019-08-19 14:12:51,"17003526 17003668 8939685 31589179 15766262 ",7041
546,4,2019-08-19 14:13:58,"5581265 34015665 7466618 25051355 2486571 ",7043
547,1,2019-08-19 14:17:49,"2614178 2614422 2614080 35248966 4774725 ",7051
548,5,2019-08-19 14:22:46,"31719379 16925172 45922244 9412900 31553078 ",7058
549,5,2019-08-19 14:23:35,"37877739 20358874 45882079 31832997 29962255 ",7059
550,4,2019-08-19 14:35:24,"27534725 27015700 42944083 43195116 25680402 ",7077
551,3,2019-08-19 15:08:38,"43166552 28278547 7646499 3661573 4105344 ",7131
552,5,2019-08-19 15:20:44,"19455522 19455527 33312763 35717009 13081097 ",7149
553,4,2019-08-19 15:24:54,"16923007 13522224 5279360 17703126 ",7156
554,5,2019-08-19 15:30:27,"25336536 38789825 7869630 7869623 32552352 ",7164
555,1,2019-08-19 15:39:59,"6284476 33869471 2404378 7467299 27331437 ",7181
556,2,2019-08-19 15:48:01,"13707322 12458120 13707602 42085594 12735607 ",7214
600,1,2019-08-20 02:53:11,"8428324 6101633 15133574 7605257 42140588 ",8337
557,2,2019-08-19 15:57:59,"47706442 25225173 46112942 48793340 13113033 ",7233
558,5,2019-08-19 16:04:56,"28036077 46379354 48952844 48561326 48880210 ",7250
559,5,2019-08-19 16:05:03,"28036077 46379354 48952844 48561326 48880210 ",7251
560,3,2019-08-19 16:05:09,"28036077 46379354 48952844 48561326 48880210 46657913 39039250 ",7252
561,3,2019-08-19 16:05:15,"5430647 29332534 28036077 46379354 48952844 5430609 48561326 20905525 5430595 18737584 ",7254
562,4,2019-08-19 16:25:23,"6462053 13952217 33885194 6870651 4613228 ",7291
563,5,2019-08-19 16:40:57,"27978021 28795097 33938778 4937836 35834491 ",7313
564,3,2019-08-19 16:40:57,"27978021 28795097 33938778 4937836 35834491 ",7313
565,1,2019-08-19 16:54:05,"4750181 43716265 12697926 36079326 47714083 ",7385
566,2,2019-08-19 16:54:38,"35557795 33678350 24492772 24492869 39108914 ",7384
567,1,2019-08-19 16:55:16,"35557795 24492772 39108914 ",7390
568,5,2019-08-19 17:16:01,"30108451 46215649 23324886 46215542 27467956 ",7426
569,5,2019-08-19 17:23:59,"3607910 7427270 21227942 7471183 15971270 ",7430
570,1,2019-08-19 17:24:10,"7326287 41855536 25851390 46919986 28887197 ",7432
571,1,2019-08-19 17:25:44,"34058332 34058263 34058107 34058382 10790650 ",7434
572,5,2019-08-19 17:31:16,"19103110 11009878 19103118 19103098 5470551 ",7442
573,1,2019-08-19 18:16:24,"4322476 9885701 9056693 30094445 28799078 ",7497
601,1,2019-08-20 02:58:14,"45958032 22004991 20080771 47179351 22490549 ",8348
574,5,2019-08-19 18:25:42,"12018148 2125015 24022513 2125023 47327334 ",7519
575,3,2019-08-19 18:25:47,"49261864 42285870 44946652 41454675 38749411 ",7517
576,2,2019-08-19 18:44:46,"12948507 22509001 22508942 22554514 22513401 ",7540
577,4,2019-08-19 19:03:22,"2934592 8842125 2934570 8842147 4354688 ",7563
578,1,2019-08-19 20:11:38,"19438877 19438842 41284334 1884916 43394644 2026129 45290862 36077796 3248908 2351354 ",7659
579,5,2019-08-19 20:12:59,"43317476 3753880 3753876 3753895 24839780 ",7660
580,1,2019-08-19 21:14:11,"9283886 16407881 7563111 129109 131172 ",7725
581,5,2019-08-19 22:03:19,"5516401 6928784 16372725 31539406 18522429 ",7781
582,3,2019-08-19 22:09:09,"43394022 49066535 27107633 32219066 43395945 ",7783
583,1,2019-08-19 22:20:29,"39089226 42196324 43887408 44101752 39131566 ",7810
584,5,2019-08-19 23:09:28,"23751647 43322346 12597523 20492063 12217722 ",7902
585,5,2019-08-19 23:09:30,"23751647 43322346 12597523 20492063 12217722 ",7902
586,1,2019-08-19 23:13:14,"43885774 18867097 11650288 11650349 5294755 ",7912
587,5,2019-08-19 23:46:19,"26975622 36332814 36332723 13697054 29700752 ",7970
588,5,2019-08-19 23:56:00,"17112777 38073120 21880121 34972186 33346154 ",7993
589,3,2019-08-20 01:00:19,"24658156 28412119 16306496 24658016 8924647 ",8087
590,5,2019-08-20 01:51:20,"24610428 8952683 986026 985861 36590695 ",8165
591,4,2019-08-20 01:59:36,"47937927 49243007 43682149 22865697 35496450 ",8180
592,1,2019-08-20 02:09:00,"12028981 9382054 45764018 1119887 6855821 ",8214
593,5,2019-08-20 02:35:14,"50042028 9086661 31271614 17708478 30408193 ",8287
594,1,2019-08-20 02:40:43,"17138630 25751362 13929482 27541736 43053529 ",8299
595,5,2019-08-20 02:42:48,"8652834 7500382 ",8307
596,2,2019-08-20 02:46:47,"29540507 29540432 6031540 1116648 29540426 ",8322
597,3,2019-08-20 02:47:25,"34804994 48048859 43834910 42969188 30793536 ",8324
603,4,2019-08-20 02:58:55,"5483028 20311705 30515256 12456387 13480858 7466342 4983611 48257763 18401618 7966619 ",8349
602,5,2019-08-20 02:58:56,"5483028 20311705 30515256 12456387 13480858 7466342 4983611 48257763 18401618 7966619 ",8349
604,5,2019-08-20 03:06:24,"16863492 8535610 3193960 30471685 19793160 ",8370
605,5,2019-08-20 03:09:26,"8878036 21575471 20581551 8907419 4909676 ",8383
606,5,2019-08-20 03:09:27,"8878036 21575471 20581551 8907419 4909676 ",8383
607,5,2019-08-20 03:14:39,"30373828 30146619 42694200 34452131 19942098 ",8394
608,4,2019-08-20 03:16:23,"24274206 49404149 29956276 38031422 49404274 ",8397
609,4,2019-08-20 03:16:59,"41821007 13136910 10131967 12584054 3671742 ",8399
610,3,2019-08-20 03:39:52,"7118208 ",8456
611,2,2019-08-20 03:40:17,"7118208 29703954 33980553 2538745 2636347 ",8457
612,2,2019-08-20 03:52:10,"43029045 37406961 33064793 39589492 43422769 ",8467
613,5,2019-08-20 04:05:08,"3500016 4893388 963226 499755 2915448 ",8496
614,5,2019-08-20 04:17:43,"8201792 12862950 8201832 29682977 13578806 ",8524
615,5,2019-08-20 04:21:23,"3815194 3815223 9749510 12557979 12139808 ",8535
616,5,2019-08-20 04:21:23,"3815194 3815223 9749510 12557979 12139808 ",8535
617,4,2019-08-20 04:21:23,"3815194 3815223 9749510 12557979 12139808 ",8535
618,5,2019-08-20 04:21:45,"3815194 3815223 9749510 12139808 ",8537
620,4,2019-08-20 04:24:59,"34452131 3987383 42694200 50352087 10703889 ",8540
619,5,2019-08-20 04:25:01,"34452131 3987383 42694200 50352087 10703889 ",8540
621,4,2019-08-20 04:28:34,"10785973 33800726 25256855 43456655 9538696 ",8550
622,5,2019-08-20 04:50:20,"12229524 12229539 2364887 26853461 2364882 ",8607
623,1,2019-08-20 04:51:19,"3165042 9211057 5712786 40413424 30489961 ",8610
624,2,2019-08-20 04:56:39,"48498900 40573508 46196772 19708528 40985022 ",8624
690,5,2019-08-20 12:19:50,"4721778 7787413 ",9867
625,5,2019-08-20 04:59:23,"38157282 38157290 17612825 27654621 10707656 ",8642
626,1,2019-08-20 05:14:06,"29363882 33041760 29197844 42391036 23414755 ",8663
627,1,2019-08-20 05:14:55,"6951257 16516423 6810695 30401985 3102788 ",8665
628,1,2019-08-20 05:15:24,"16516423 6810695 30401985 3102788 18851547 2503420 11683264 10259632 11224967 ",8667
629,2,2019-08-20 05:31:07,"39831717 39885334 32532213 43979692 38915085 ",8693
630,4,2019-08-20 05:32:41,"6309975 11059991 23285312 17672275 ",8700
631,5,2019-08-20 05:49:25,"23944399 13731260 ",8740
632,5,2019-08-20 05:51:00,"35892277 33874301 39238671 38124330 27613982 ",8742
633,5,2019-08-20 05:52:13,"43317476 3753880 3753876 3753895 24839780 ",8746
634,4,2019-08-20 05:53:36,"24279142 21400955 5156165 3167913 14403171 ",8747
635,1,2019-08-20 05:56:17,"8141712 12928168 31274409 19677967 22439062 23719812 3790761 22175681 43123828 25945908 ",8753
636,1,2019-08-20 06:07:36,"27221008 11620202 37099956 18851974 ",8778
637,3,2019-08-20 06:07:52,"1997889 19612356 217127 7966732 1997929 ",8773
638,5,2019-08-20 06:08:52,"8806805 7795350 676692 676680 10839064 ",8784
639,5,2019-08-20 06:15:46,"42602394 12026783 1846921 20444631 460881 ",8811
640,3,2019-08-20 06:16:03,"11727522 3663949 10714351 25731624 11727508 ",8633
641,5,2019-08-20 06:38:25,"14932820 10428021 1410778 12364516 10428037 ",8861
642,1,2019-08-20 06:39:34,"21366962 721970 1687444 721981 1592947 ",8860
643,1,2019-08-20 07:01:03,"40020775 46714947 25296893 31303679 36709073 ",8924
644,5,2019-08-20 07:06:15,"4146106 14354008 4146030 37099108 41613244 ",8939
645,5,2019-08-20 07:26:39,"14169760 25028936 20227939 12961553 14089521 ",9026
646,2,2019-08-20 07:42:00,"26116721 23685392 40278768 39779646 2060372 ",9066
647,3,2019-08-20 07:47:39,"27241528 3631670 45782699 32557217 17870390 ",9070
648,5,2019-08-20 07:47:40,"27241528 3631670 45782699 32557217 17870390 ",9070
649,1,2019-08-20 07:52:23,"42348842 23016337 16278559 6909233 21732033 ",9089
650,1,2019-08-20 07:54:23,"40020775 46714947 ",8930
651,5,2019-08-20 08:07:02,"15155933 8477337 7735858 8826411 36773032 ",9116
652,1,2019-08-20 08:11:07,"14953719 4226629 10533408 11713983 6476916 ",9135
653,2,2019-08-20 08:29:54,"27794080 417908 12826895 12534706 419003 ",9198
655,5,2019-08-20 08:45:21,"16350823 38732495 27061360 16437251 12231524 ",9247
654,2,2019-08-20 08:45:40,"14883268 30254107 35013031 20460534 ",9246
656,4,2019-08-20 08:45:49,"4646115 942026 7682789 4646120 573997 ",
657,3,2019-08-20 08:45:50,"4646115 942026 7682789 4646120 573997 ",
658,2,2019-08-20 08:47:13,"2085164 1826266 24131388 2809992 937601 4279563 21675030 14286387 2809805 6621131 ",9252
659,5,2019-08-20 08:54:41,"11727522 3663949 10714351 25731624 11727508 ",9268
660,5,2019-08-20 09:04:27,"8549817 29203655 26931713 28323689 20872616 ",9297
661,5,2019-08-20 09:07:31,"38191723 36668599 7595139 40207474 44027961 ",9308
662,4,2019-08-20 09:10:28,"7514938 43912025 37798176 1034888 15949458 ",9313
663,5,2019-08-20 09:11:26,"40493565 16956769 16956842 157950 19119720 ",9317
664,5,2019-08-20 09:16:45,"5244534 6584631 10145586 9426188 ",9337
665,3,2019-08-20 09:16:46,"5244534 6584631 10145586 9426188 ",9337
666,5,2019-08-20 09:20:16,"14152564 23227009 17826541 6911083 6884894 ",9358
667,5,2019-08-20 09:26:08,"12823100 12949816 41533573 22454237 8217934 ",9386
668,5,2019-08-20 09:41:40,"29655747 29266164 32479266 10587627 ",9416
669,3,2019-08-20 09:55:47,"11727522 3663949 10714351 25731624 11727508 ",9453
670,2,2019-08-20 10:19:26,"3006388 8606975 16415135 39317270 6635996 ",9495
671,5,2019-08-20 10:20:46,"2974322 17183903 2818305 20597076 ",9500
672,1,2019-08-20 10:28:50,"11047311 2254753 4480048 34088477 14957897 ",9521
673,1,2019-08-20 10:29:22,"11270505 3189756 1434912 7600553 28215683 ",9523
677,4,2019-08-20 10:52:57,"24401967 2754944 3599252 20583621 3969631 ",9614
674,5,2019-08-20 10:48:58,"3483689 990293 44827854 2595183 30168305 ",9571
678,3,2019-08-20 11:02:54,"30278455 13422536 30278459 25380937 16084694 ",9633
679,4,2019-08-20 11:14:08,"20251910 4017752 7787780 9791300 29217128 ",9654
675,3,2019-08-20 10:52:24,"46613372 44554715 47402241 38790799 41344713 ",9612
676,5,2019-08-20 10:52:40,"40254402 28919898 43147567 44734742 29180170 ",9603
691,1,2019-08-20 12:21:17,"17144070 29712832 9996437 39312965 6175352 ",9870
680,5,2019-08-20 11:19:44,"19103110 19103118 9321599 19103098 43177248 ",9683
681,4,2019-08-20 11:24:53,"2885243 30712566 24140343 44841992 27417013 ",9701
692,1,2019-08-20 12:23:51,"32097087 34326977 22314510 46282285 38397086 ",9880
682,5,2019-08-20 11:27:13,"12949821 34321584 8296031 7191039 12853617 ",9707
683,5,2019-08-20 11:37:55,"4613714 2122104 38295610 9411322 44892422 ",9730
684,5,2019-08-20 11:41:50,"23398098 34180298 13156221 13156222 46547969 ",9742
685,5,2019-08-20 12:02:50,"4538035 38691219 838939 47367001 19057877 ",9815
686,4,2019-08-20 12:03:19,"24548327 31511420 35220841 34321669 41822861 ",9818
687,4,2019-08-20 12:03:22,"24548327 31511420 35220841 34321669 41822861 ",9818
688,5,2019-08-20 12:04:23,"39744535 43399977 31072610 1897693 23629631 ",9822
689,5,2019-08-20 12:19:50,"4721778 7787413 ",9867
693,5,2019-08-20 12:26:51,"8465812 10568940 212624 213896 212640 ",9715
694,5,2019-08-20 12:49:29,"43417234 49897215 18712853 31039953 18712841 ",9976
695,1,2019-08-20 12:58:44,"32698881 ",9996
696,5,2019-08-20 13:00:34,"39393218 1211085 13125538 4554254 9580347 ",10000
697,5,2019-08-20 13:02:03,"12432 3742236 14875899 18676875 1103617 ",10003
698,5,2019-08-20 13:03:55,"43417234 ",10020
699,1,2019-08-20 13:19:15,"10714286 14500851 38494271 3198127 10714355 ",10063
700,5,2019-08-20 13:22:57,"16946066 8254104 21580145 14238920 48373446 ",10078
701,1,2019-08-20 13:27:06,"1680142 1680144 6572025 6805122 25631082 ",10105
702,1,2019-08-20 13:28:15,"9833804 1680142 6572025 1680144 6805122 ",10110
703,1,2019-08-20 13:28:30,"43206390 32373972 6504009 25675456 46401200 ",10109
704,4,2019-08-20 13:36:23,"6994437 21691046 2832308 19468649 2062526 ",10146
705,5,2019-08-20 13:51:02,"34683959 9368320 26106633 6633679 962446 ",10181
706,5,2019-08-20 13:51:02,"34683959 9368320 26106633 6633679 962446 ",10181
707,5,2019-08-20 14:18:28,"15871816 6781428 23226858 8412721 22105518 13861653 22938987 ",10261
708,5,2019-08-20 14:18:29,"15871816 6781428 23226858 8412721 22105518 13861653 22938987 ",10261
709,1,2019-08-20 14:20:10,"6456855 13739852 13742624 ",10294
710,1,2019-08-20 14:20:20,"16480814 6456855 13739852 13740035 13742624 ",10297
711,5,2019-08-20 14:29:06,"16284581 11658046 45902653 16284666 3017240 ",10325
774,5,2019-08-21 02:07:00,"19776557 41600573 44622440 17289207 35660201 ",11711
775,1,2019-08-21 02:49:14,"14529804 39161838 9421997 3320080 16990672 ",11769
778,1,2019-08-21 03:04:20,"1426453 23210860 1760266 70676 70679 13635274 10295486 2015802 5406333 33096649 ",11788
712,3,2019-08-20 14:29:09,"16284581 11658046 45902653 16284666 3017240 ",10325
713,4,2019-08-20 14:49:38,"27357042 1564865 28434431 420324 28549464 ",10373
714,1,2019-08-20 15:35:17,"11589555 13056565 2712665 3634480 10097794 ",10503
715,5,2019-08-20 15:51:56,"11871567 29865176 33155174 18301717 45904380 ",10555
716,1,2019-08-20 15:59:08,"39191311 37694068 37073058 4458559 49577322 ",10568
717,5,2019-08-20 16:15:16,"6565598 30669797 26730827 46151602 18255413 ",10596
718,4,2019-08-20 16:29:48,"6666868 6667926 47034633 ",10634
719,5,2019-08-20 16:33:43,"9102414 44911147 20373065 12557979 28793610 ",10643
758,3,2019-08-20 23:38:43,"38226738 39517076 47902973 26749613 28860677 ",11443
720,5,2019-08-20 16:35:59,"8361393 34587976 12023523 8677320 30156642 ",10651
721,5,2019-08-20 16:36:34,"24274206 49404149 29956276 38031422 49404274 ",10654
759,5,2019-08-20 23:40:45,"5653399 20781817 5607442 31548128 20451477 ",11447
722,5,2019-08-20 16:36:36,"24274206 49404149 29956276 38031422 49404274 ",10654
723,4,2019-08-20 16:51:20,"19103098 43177248 ",10683
724,5,2019-08-20 16:53:50,"19382646 10808204 29309999 3279641 11037729 ",10693
760,5,2019-08-21 00:01:11,"41393112 6622803 17303467 43195104 13552425 ",11492
725,5,2019-08-20 16:53:52,"19382646 10808204 29309999 3279641 11037729 ",10693
726,5,2019-08-20 17:05:59,"25504001 34137804 12335925 25503994 8766485 ",10719
727,5,2019-08-20 17:09:11,"9083023 3827488 12281172 23232576 33663785 ",10730
728,5,2019-08-20 17:09:16,"12087527 49608119 12783256 20780958 12087555 ",10691
729,1,2019-08-20 17:11:07,"5445346 8563498 15122026 750406 27000751 ",10738
730,4,2019-08-20 17:12:48,"17713355 13543488 17713128 17713113 17713347 ",10742
731,2,2019-08-20 17:18:04,"8254104 24041297 30688709 11031211 33076283 ",10753
732,5,2019-08-20 17:23:31,"19103110 19103118 9321599 19103098 43177248 ",10754
733,5,2019-08-20 17:23:32,"19103110 19103118 9321599 19103098 43177248 ",10754
734,5,2019-08-20 17:26:49,"38800084 18073639 45068373 18084742 14988032 ",10774
761,5,2019-08-21 00:03:58,"48080243 1005614 6252782 ",11494
735,5,2019-08-20 17:38:53,"2137766 41053380 8975579 34172032 32032464 ",10803
736,3,2019-08-20 17:41:26,"5683761 19492462 17507153 5683747 46609831 ",10794
737,5,2019-08-20 17:48:54,"40627431 8560655 1041280 3749027 36268959 ",10828
739,4,2019-08-20 17:48:55,"40627431 8560655 1041280 3749027 36268959 ",10828
738,5,2019-08-20 17:48:55,"40627431 8560655 1041280 3749027 36268959 ",10828
740,5,2019-08-20 18:03:40,"27785708 27589769 24345265 27589893 46379428 ",10868
741,1,2019-08-20 18:15:05,"45219389 6104181 15677982 3864209 ",10890
742,3,2019-08-20 18:23:46,"45348019 8331095 12722692 21099573 13785801 ",10917
743,4,2019-08-20 18:26:26,"24633381 10800509 10693376 27533332 4628864 ",10928
744,2,2019-08-20 18:30:55,"18777986 43543204 5110209 23926161 13604834 ",10934
745,5,2019-08-20 18:35:25,"3661433 21391675 5801486 3661436 ",10939
746,4,2019-08-20 18:40:42,"13946037 8358551 15205094 9964274 815631 ",10948
747,1,2019-08-20 19:14:50,"41860202 32790335 31748343 9585194 ",11000
748,5,2019-08-20 19:35:29,"8423735 8423728 8423738 8423747 33338504 ",11047
749,1,2019-08-20 21:45:56,"46227128 19103110 19103118 40700694 39011912 ",11295
750,1,2019-08-20 21:47:42,"3478434 15118907 25251691 10309040 3750386 ",11301
751,4,2019-08-20 22:00:10,"11727522 3663949 10714351 25731624 11727508 19233594 11094123 13740035 5935223 21764671 ",8984
752,5,2019-08-20 22:10:15,"32112029 17431433 6567963 24749842 23534100 12636331 30633373 29054122 37328723 ",11331
753,5,2019-08-20 22:23:11,"32288460 32288499 32288416 5376659 32288386 ",11358
754,5,2019-08-20 22:38:45,"4816925 24612173 4321398 25412991 15942017 ",11379
755,4,2019-08-20 22:46:02,"5132498 13220466 2378085 2342779 18232152 ",11383
756,1,2019-08-20 23:18:45,"17230807 29522476 21957018 1647489 1437818 ",11422
757,5,2019-08-20 23:38:12,"8712517 37584549 22212477 10752803 11953782 ",11441
762,5,2019-08-21 00:08:15,"2736601 2735664 14007691 2734242 2734249 ",11500
763,5,2019-08-21 00:08:15,"2736601 2735664 14007691 2734242 2734249 ",11500
764,4,2019-08-21 00:20:11,"30622737 7483110 768088 723990 30619992 ",11520
765,5,2019-08-21 01:13:31,"6386272 5241430 8823450 3365422 8223839 4888685 35837962 1611830 6386260 ",11611
766,5,2019-08-21 01:13:32,"6386272 5241430 8823450 3365422 8223839 4888685 35837962 1611830 6386260 ",11611
767,1,2019-08-21 01:26:15,"13658326 23276907 6012490 28987304 34266649 ",11606
768,1,2019-08-21 01:26:15,"13658326 23276907 6012490 28987304 34266649 ",11606
769,1,2019-08-21 01:41:13,"23073608 31305125 47493744 37544180 50589286 ",11661
770,4,2019-08-21 01:47:41,"2150418 34257421 18857260 20211626 17313343 ",11669
771,1,2019-08-21 01:48:19,"23302308 12896828 28454743 23096160 37324409 ",11670
772,4,2019-08-21 01:48:30,"7966732 4273005 14555165 6553374 40546096 ",11668
773,1,2019-08-21 01:48:57,"14743550 30648689 9063688 18922186 10850562 ",11672
784,5,2019-08-21 04:14:00,"14234537 15335051 10941793 10941792 31054610 ",11958
779,4,2019-08-21 03:30:32,"7514938 12949821 16437891 11638153 29172210 ",11850
776,5,2019-08-21 02:52:26,"12421888 7779819 31563380 12422059 16953942 ",11783
777,1,2019-08-21 02:55:10,"26225980 11302224 33337607 2982591 12669167 ",11787
780,1,2019-08-21 03:30:59,"10332918 24225552 34913652 35451972 30337787 ",11853
781,4,2019-08-21 03:38:04,"31726746 23007536 13555443 861351 ",11883
782,5,2019-08-21 03:42:44,"39860831 26057239 20361913 2503420 2503368 ",11902
783,1,2019-08-21 03:58:44,"9507780 8257906 4604573 3202687 12182435 ",11933
786,1,2019-08-21 04:53:54,"7819568 28463931 21963575 10032997 23612330 ",12038
785,5,2019-08-21 04:14:07,"11727522 ",11962
787,2,2019-08-21 04:53:54,"7819568 28463931 21963575 10032997 23612330 ",12038
803,5,2019-08-21 06:56:52,"8710595 ",12338
788,3,2019-08-21 04:54:05,"7819568 28463931 21963575 10032997 23612330 ",12038
789,1,2019-08-21 05:05:44,"11727522 3663949 10714351 25731624 11727508 ",12080
790,5,2019-08-21 05:09:05,"25086447 32496375 25008932 38022985 37944006 ",12087
791,5,2019-08-21 05:09:06,"25086447 32496375 25008932 38022985 37944006 ",12087
792,4,2019-08-21 05:38:47,"6994437 21691046 2832308 19468649 2062526 ",12179
793,2,2019-08-21 06:04:14,"4734288 32008117 29896570 40406819 21261057 49993806 21311138 40459900 20515411 12649809 ",12221
794,5,2019-08-21 06:08:33,"507546 1760673 8080689 10670634 35763587 ",12205
795,1,2019-08-21 06:12:30,"46174694 10778765 34391568 27904754 26200563 ",12230
796,1,2019-08-21 06:13:31,"13565951 21795443 17123408 6835620 26242246 ",12226
797,5,2019-08-21 06:13:36,"13565951 21795443 17123408 6835620 26242246 ",12226
798,3,2019-08-21 06:24:08,"21668194 39941259 8015528 6345531 13441541 ",12258
799,4,2019-08-21 06:28:46,"47818178 32309268 32336075 47124401 47287253 ",12270
800,5,2019-08-21 06:35:10,"12969483 14785527 49729327 8162114 46038561 ",12279
801,3,2019-08-21 06:43:07,"8710595 32393225 28150312 4215708 32393276 ",12307
802,5,2019-08-21 06:47:22,"8710595 ",12313
816,1,2019-08-21 09:43:13,"50228763 34585587 28342196 35117493 22952235 ",12681
823,1,2019-08-21 11:08:52,"46033373 22441784 3171932 44185780 20616639 ",12852
824,5,2019-08-21 11:19:22,"3507394 21761476 12231793 27756845 13675256 ",12872
825,5,2019-08-21 11:20:28,"1098105 16148759 16148674 7765738 12401725 ",12875
826,1,2019-08-21 11:34:13,"34713576 8920297 10281473 7190664 10281396 ",12882
827,1,2019-08-21 11:34:49,"34713576 15228809 7768123 7768086 6994568 ",12886
828,3,2019-08-21 11:35:50,"17950726 18653276 28250360 28176895 25804364 19998385 11011520 26754977 14077847 38302640 ",12891
804,3,2019-08-21 06:57:43,"5215756 2689964 24417778 1638874 27634554 ",12342
805,1,2019-08-21 07:03:12,"34579802 30753652 30948973 29377178 12061753 ",12363
806,3,2019-08-21 07:05:43,"23224741 ",12370
807,4,2019-08-21 07:20:50,"18528928 24278096 35038578 19218009 19218289 ",12394
808,5,2019-08-21 07:20:56,"18528928 24278096 35038578 19218009 19218289 ",12394
809,5,2019-08-21 07:22:42,"35192232 18912509 18912483 34571152 ",12406
810,5,2019-08-21 07:52:34,"15337716 40789537 26049099 26959043 15337545 ",12454
811,3,2019-08-21 08:11:05,"17289207 35660201 1694770 19776557 ",12497
812,1,2019-08-21 09:00:57,"40145959 8641064 48643245 36616228 17215926 ",12594
813,4,2019-08-21 09:15:48,"40213487 36437899 5163887 5163852 19937570 ",12616
814,4,2019-08-21 09:24:40,"30688709 16581811 34959083 30797281 39484572 ",12631
815,5,2019-08-21 09:26:24,"47565689 30864961 49023047 36824340 36821971 46463010 40010227 37990021 36512011 45271703 ",12638
817,1,2019-08-21 10:07:16,"23466584 4888227 21229871 19511732 37089604 ",12751
818,1,2019-08-21 10:07:59,"17289207 35660201 1694770 19776557 ",12752
819,3,2019-08-21 10:11:48,"4738914 5732509 29410098 18581070 2754487 ",12756
863,5,2019-08-22 22:50:33,"12279849 21926229 24428620 32880339 12368603 ",13691
820,5,2019-08-21 10:11:52,"20388154 37794400 9773751 6119547 13740796 ",12755
821,3,2019-08-21 10:30:23,"32091302 37147348 33467800 27415337 43237358 ",12777
822,5,2019-08-21 10:46:10,"9100828 5426342 860578 44045625 2051691 ",12771
829,5,2019-08-21 14:26:04,"49220311 17281551 10103752 33009327 9829632 ",12942
830,4,2019-08-21 15:55:52,"27906868 8719442 11638153 7970968 15365427 ",12970
831,4,2019-08-21 15:56:01,"27906868 8719442 11638153 7970968 15365427 ",13022
832,5,2019-08-21 16:58:24,"27906868 8719442 11638153 7970968 15365427 ",13069
833,5,2019-08-21 19:13:19,"16676997 14185068 14272104 48124936 1299418 ",13118
834,2,2019-08-21 19:39:31,"4182149 4885329 12736983 3469715 16951523 ",13127
835,5,2019-08-21 19:47:44,"29712030 34557426 43026737 34557516 38029627 ",13129
836,5,2019-08-21 21:11:32,"44098402 12521352 6489655 21795720 13307975 29018706 15038434 36898151 2845293 3825185 ",13179
837,5,2019-08-21 22:45:01,"20567912 16689321 10259772 2602450 5256051 ",13211
838,5,2019-08-22 00:18:17,"26316749 45238516 2082224 23662578 21548670 15027403 45239068 26316721 24878763 21113683 ",13243
839,3,2019-08-22 00:50:18,"19921140 14776301 13131386 35987046 13131376 12207468 22433627 10752163 13062257 14776274 ",13252
840,5,2019-08-22 00:50:19,"19921140 14776301 13131386 35987046 13131376 12207468 22433627 10752163 13062257 14776274 ",13252
841,5,2019-08-22 02:41:04,"15109868 10088012 9047300 11452193 16793726 31718879 13611283 34764030 15109817 8844025 ",13249
842,5,2019-08-22 03:12:24,"45376151 4254006 836791 591480 7675345 7675409 601810 4886439 1905799 6937082 ",13312
843,5,2019-08-22 03:43:43,"30917454 25729620 16987769 20186745 4578731 21207111 15675034 39901844 8908199 20071979 ",13319
864,5,2019-08-22 23:00:45,"26724858 41676935 38823930 14259658 41676848 25756731 23361956 20165503 15960698 26724915 ",13674
844,5,2019-08-22 03:47:57,"24715402 18687790 42990654 40870053 189572 189568 190918 36914672 50418885 34090554 ",13321
845,5,2019-08-22 03:58:08,"12914251 2743421 25444587 15963285 40437890 39541745 20279681 2743411 1362893 8949826 ",13328
846,4,2019-08-22 04:06:40,"43086628 19467160 36304653 3320735 38913047 28207827 27700505 25063015 33005648 36308149 ",13335
847,4,2019-08-22 06:48:06,"45184605 13887686 15433906 21978898 14382182 30155580 15433891 3274258 10001108 31370521 ",13442
848,1,2019-08-22 06:58:25,"11727522 3663949 10714351 25731624 11727508 19233594 11094123 13740035 5935223 21764671 ",13445
849,3,2019-08-22 06:59:42,"3713668 3713651 38930828 3713658 4129718 4122503 35231274 13286494 25147521 31685857 ",13446
850,5,2019-08-22 09:09:59,"32739465 32739440 3140638 31722446 8484990 5575306 3098928 12296802 729662 13765293 ",13496
851,5,2019-08-22 10:01:07,"40681044 28203967 36242863 21918041 36242857 44728032 22027650 50521370 29136492 559892 ",13519
852,1,2019-08-22 10:07:26,"14911910 8194693 24865364 31112583 3739850 1089008 23409127 17196352 10859541 3440638 ",13521
853,1,2019-08-22 10:08:18,"4283185 9567722 20820430 28694869 24889493 38113205 37829318 26756860 18248315 24888216 ",13522
854,5,2019-08-22 11:42:05,"21552473 33326512 21552375 34799305 21552332 31448205 18336219 13848767 41059084 18336253 ",13565
855,3,2019-08-22 12:40:49,"45122525 41988844 49429796 48207623 45869880 50099109 38937379 38244749 46934473 41428749 ",13585
856,1,2019-08-22 13:00:06,"7594355 4805960 12133308 812290 18992686 44085167 3267364 22146631 9951872 3267366 ",13598
857,5,2019-08-22 13:05:28,"36253021 21118649 41848600 42800220 47407006 50335851 29524009 44865639 24501716 30286022 ",13599
858,4,2019-08-22 13:42:53,"26251419 3734468 23343251 40966481 2461557 3734185 35267138 8169650 10444003 36868787 ",13605
859,5,2019-08-22 13:49:25,"32735973 16062940 24557098 11887740 9700352 32918866 42289658 42289710 20749265 28678275 ",13607
860,3,2019-08-22 14:52:32,"13565951 21795443 17123408 6835620 26242246 ",13625
861,1,2019-08-22 14:54:32,"16573753 22116967 35114036 39303344 47260532 33483214 39588720 47218069 41035404 31605236 ",13632
862,5,2019-08-22 16:14:45,"31207900 33836038 34925078 48378849 1208601 ",13647
865,2,2019-08-22 23:59:15,"7784044 2219373 30143821 40001891 1929831 ",13708
866,4,2019-08-23 01:11:30,"32712316 32713611 5234608 28420443 17480244 ",11946
868,3,2019-08-23 02:36:54,"47001164 47046075 19496436 14816270 37676725 29833619 34916656 33947312 47033795 7778952 ",13740
867,5,2019-08-23 02:29:52,"33234613 23404153 33088050 14411178 23420295 21194248 14327011 15016019 49119804 43033062 ",13734
871,1,2019-08-23 11:58:38,"46282285 36367669 35725213 43875008 50478266 38194285 39301277 31780358 49185768 36730511 ",13867
869,2,2019-08-23 06:47:21,"1907164 13252412 21887870 32179949 27573200 11495159 36719667 46960086 20869574 14696650 ",13797
870,1,2019-08-23 07:20:09,"369802 22024071 21398871 41529188 33938990 829217 9298697 38337485 20524979 30934109 ",13806
872,4,2019-08-23 12:25:53,"49835509 34643205 48908609 34204524 49859471 16717822 16402161 40969780 42276186 42389766 ",13871
873,4,2019-08-23 12:29:00,"3767383 3767386 35739714 7340515 5141368 45967485 15346614 23441501 5193481 7504867 ",13872
874,5,2019-08-23 13:54:42,"38344033 15245186 20838944 6393502 44898513 10399513 38344094 44962842 21708424 38344160 ",13888
875,4,2019-08-23 14:00:24,"18421531 36356 7815539 355074 2486319 4782918 16220152 43042432 5000537 4146209 ",13889
